[
  {
    "name": "Aman",
    "email": "amanbaku@gmail.com",
    "message": "hsvadsa j cbsdcs",
    "date": "2025-12-20T20:04:43.712Z"
  },
  {
    "name": "Alibek",
    "email": "amanbaku@mail.ru",
    "message": "hbadhasbdhjabsc",
    "date": "2025-12-20T20:09:31.893Z"
  },
  {
    "name": "Aman Baku",
    "email": "aaaaa@mail.ru",
    "message": "bskbsjhkbdcjksbcksdc",
    "date": "2025-12-20T20:38:36.047Z"
  },
  {
    "name": "wer",
    "email": "all@mail.ru",
    "message": "sdf",
    "date": "2025-12-20T21:27:51.357Z"
  },
  {
    "name": "wer",
    "email": "wer@mai.ru",
    "message": "fsd",
    "date": "2025-12-20T21:39:33.053Z"
  },
  {
    "name": "gfd",
    "email": "qw@mail.ru",
    "message": "wef",
    "date": "2025-12-20T21:47:12.461Z"
  },
  {
    "name": "ax",
    "email": "as@gmai.com",
    "message": "qed",
    "date": "2025-12-26T11:09:52.502Z"
  },
  {
    "name": "Aman",
    "email": "Aaaaa@mail.com",
    "message": "bbsdjhabsjhabc",
    "date": "2025-12-26T11:45:44.301Z"
  },
  {
    "name": "wd",
    "email": "asd@gmail.com",
    "message": "dsfs",
    "date": "2025-12-27T21:58:19.257Z"
  },
  {
    "name": "wd",
    "email": "asd@gmail.com",
    "message": "dsfs",
    "date": "2025-12-27T22:00:53.897Z"
  },
  {
    "name": "al",
    "email": "gdf@gmail.com",
    "message": "sada",
    "date": "2025-12-27T22:01:28.931Z"
  },
  {
    "name": "aiym",
    "email": "aiympangerey1703@gmail.com",
    "message": "aaa",
    "date": "2026-01-11T13:46:50.253Z"
  },
  {
    "name": "aiym",
    "email": "aiympangerey1703@gmail.com",
    "message": "jjjj",
    "date": "2026-01-11T13:51:50.313Z"
  },
  {
    "name": "aiym",
    "email": "aiympangerey1703@gmail.com",
    "message": "aa",
    "date": "2026-01-11T15:54:40.875Z"
  }
]